#TYPE System.Management.Automation.PSCustomObject
"id","location_id","name","title","email","department"
"1","1","Susan houston","Director of Services","shouston1@abc.com",
"2","1","Christina Gonzalez","Director","cgonzalez@abc.com",
"3","2","Brenda brown","Director, Second Career Services","bbrown@abc.com",
"4","3","Howard Lader","Manager, Senior Counseling","hlader@abc.com",
"5","4","Kimberly Pesavento","Commercial director","kpesavento@abc.com",
"6","5","Joe Bloom","Financial Empowerment Programs Program Director","jbloom@abc.com",
"7","6","peter Olson","Director","polson@abc.com",
"8","6","Bart charlow","Executive Director","bcharlow6@abc.com",
"9","7","Bart Charlow","Executive Director","bcharlow7@abc.com",
"10","7","Barbara Kalt","Director","bkalt@abc.com",
"11","8","Marilyn Baker-Venturini","Director","mbaker-venturini@abc.com",
"12","8","Graciela Hernandez","Assistant Manager","ghernandez@abc.com",
"13","8","Julie avelino","Assessment Specialist","javelino@abc.com",
"14","9","Dave Genesy","Library Director","dgenesy9@abc.com",
"15","9","maria kramer","Library Divisions Manager","mkramer9@abc.com",
"16","10","Dave Genesy","Tester","dgenesy10@abc.com",
"17","10","Maria kramer","Library Division Manager","mkramer10@abc.com",
"18","11","Dave Genesy","Head of office","dgenesy11@abc.com",
"19","11","Elizabeth Meeks","Branch Manager","emeeks11@abc.com",
"20","12","Kathy Endaya","Director","kendaya@abc.com",
"21","13","dave genesy","Library Director","dgenesy13@abc.com",
"22","14","Andres Espinoza","Manager, Commanding Officer","aespinoza@abc.com",
"23","15","Jack Phillips","Administrator","jphillips@abc.com",
"24","16","James Lee","Commanding Officer","jlee@abc.com",
"25","17","Kenneth Gibson","Tester","kgibson@abc.com",
"26","18","Sharon Petersen","Administrator","spetersen18@abc.com",
"27","19","Sharon Petersen","Administrator","spetersen19@abc.com",
"28","21","Moncef Salah","Tester","msalah@abc.com","Office of Innovation"
"29","22","Suzanne Badenhoop","Tester","sbadenhoop@abc.com","Referrals"
"30","20","Sean Houston","Director of new Services","shouston20@abc.com",
"31","8","David Genesy","Account Manager","dgenesy8@abc.com",
"32","8","Elizabeth Feeney","CEO","efeeney@abc.com","Operations"
"33","8","Erika Meeks","Tester","emeeks8@abc.com","Operations"
